{
  "project_info": {
    "project_number": "123456789",
    "project_id": "sharepos-project",
    "storage_bucket": "sharepos-project.appspot.com"
  },
  "client": [
    {
      "client_info": {
        "mobilesdk_app_id": "1:123456789:android:abcdef123456",
        "android_client_info": {
          "package_name": "com.example.sharepos"
        }
      },
      "oauth_client": [],
      "api_key": [
        {
          "current_key": "AIzaSyAfJ3rl7eabBmi7gyjkmhoMRRd3HM45pnY"
        }
      ],
      "services": {
        "appinvite_service": {
          "other_platform_oauth_client": []
        }
      }
    }
  ],
  "configuration_version": "1"
} 